cct,Plantel,control,dummy_privado,pca7,cp2,cp3,cp4,cp5,cp6,cp7,pca17,promedio_esp,enlace,estado,dummy_México,dummy_Veracruz,dummy_Durango,dummy_Jalisco,dummy_Quintana_Roo,dummy_Baja_California_Sur,dummy_Puebla,dummy_Querétaro,dummy_Tabasco,dummy_Ciudad_de_México,dummy_Coahuila,dummy_Tamaulipas,dummy_Colima,dummy_Sinaloa,dummy_Guanajuato,dummy_Sonora,dummy_Morelos,dummy_Nuevo_León,dummy_Chihuahua,dummy_Hidalgo,dummy_Aguascalientes,dummy_Michoacán,dummy_Baja_California,dummy_Nayarit,dummy_Tlaxcala,dummy_San_Luis_Potosí,dummy_Guerrero,dummy_Oaxaca,dummy_Campeche,dummy_Chiapas,dummy_Zacatecas,dummy_Yucatan
01PBH0018Q,I. AGUASCALIENTES,privado,1,1.411460376316350,-0.178344005464732,0.665458942277387,0.64394633292572600,0.17024159480961600,-1.0484093411125900,0.34347520162539600,2.5098993049690300,0.294587435861212,1.38412387803636,Aguascalientes,0,0,0,0,0,0,0,0,0,0,0,0,0,0,0,0,0,0,0,0,1,0,0,0,0,0,0,0,0,0,0,0
01PBH0034H,E .DE LA CD. DE AGUASCALIENTES,privado,1,-0.13585805987845400,0.29159793989154500,-0.137293587446948,0.18189920325726,3.57020668495195E-02,-0.13515597235372500,0.15046604164044900,1.40356696784199,0.979993292547619,1.69165547169048,Aguascalientes,0,0,0,0,0,0,0,0,0,0,0,0,0,0,0,0,0,0,0,0,1,0,0,0,0,0,0,0,0,0,0,0
01PBH0036F,CTRO. ESCOLAR EL ENCINO,privado,1,-0.18464716478908800,0.56398793169148100,3.27573877136084E-02,-0.22297627258955300,-1.80962920118884E-02,-0.12305678691997,-0.14436912002152500,0.41412978378654300,0.571491662592593,2.28633962185185,Aguascalientes,0,0,0,0,0,0,0,0,0,0,0,0,0,0,0,0,0,0,0,0,1,0,0,0,0,0,0,0,0,0,0,0
02DBH0001K,EPF LAZARO CARDENAS,publico,0,16.3312768653538,7.8289937687192800,2.8789295277077900,11.7272425827892,-7.2181998796342900,-5.2574191836474200,-5.7998320022777700,16.0445338627292,1.28858275892862,1.77474914499806,Baja California,0,0,0,0,0,0,0,0,0,0,0,0,0,0,0,0,0,0,0,0,0,0,1,0,0,0,0,0,0,0,0,0
02PBH3391P,"I. MEXICO DE B. CALIF.,TIJUANA",privado,1,1.1244669765114900,0.129022184710812,0.337434103550253,0.48877412874113500,0.51119567158571600,-0.54942180371245700,0.88043483123661900,3.636406788073910,0.961551355464968,2.30141879898089,Baja California,0,0,0,0,0,0,0,0,0,0,0,0,0,0,0,0,0,0,0,0,0,0,1,0,0,0,0,0,0,0,0,0
03PBH3522Q,BACH. I. CULTURAL BALDOR,privado,1,-0.50596620199360900,-0.28959750208343100,0.16717117093727200,0.33258189237135800,0.13202342045071900,-0.387218978706387,0.17314266068129900,1.1010222680000000,0.560581448636364,1.5345,Baja California Sur,0,0,0,0,0,1,0,0,0,0,0,0,0,0,0,0,0,0,0,0,0,0,0,0,0,0,0,0,0,0,0,0
03PCB0003R,I. MAR DE CORTES,privado,1,0.86628251869712500,-0.16207490843119600,0.22363076154144800,0.291919528266749,0.77815368943019700,-1.41694273315883,-0.46253247294963800,2.0727113530000000,1.42807823125,2.8956939625,Baja California Sur,0,0,0,0,0,1,0,0,0,0,0,0,0,0,0,0,0,0,0,0,0,0,0,0,0,0,0,0,0,0,0,0
05PBH0027U,LICEO FREINET A.C.,privado,1,0.3385252579113140,-8.5708261058267E-02,0.21224636810296200,0.26272161032774400,-0.267044151524024,-0.48740567732803200,0.63650241467111100,3.049884850659590,1.32147649,2.69929671590909,Coahuila,0,0,0,0,0,0,0,0,0,0,1,0,0,0,0,0,0,0,0,0,0,0,0,0,0,0,0,0,0,0,0,0
05PBH0153R,"C. AMERICANO, TORREON",privado,1,4.5462031048485600,-0.63886485301319400,2.31792958498345,-4.66032225178988E-02,1.3291445985296800,-4.2642146855287700,-0.37624099271883800,7.1382815292283000,1.31800115473684,2.8385,Coahuila,0,0,0,0,0,0,0,0,0,0,1,0,0,0,0,0,0,0,0,0,0,0,0,0,0,0,0,0,0,0,0,0
05PBH0172F,C. CERVANTES DE TORREON,privado,1,0.72159397865078900,0.75302930999790600,0.24657007578005700,-1.4709663508869400,-0.57046583204035400,-0.14136021022612800,0.93502952488776600,1.440606016843890,1.3896669180303,3.2543,Coahuila,0,0,0,0,0,0,0,0,0,0,1,0,0,0,0,0,0,0,0,0,0,0,0,0,0,0,0,0,0,0,0,0
05PBH0220Z,I. MIGUEL ANGEL,privado,1,0.26866306954426100,0.19094852123366600,-7.5050916601255E-02,-0.34999829072233400,7.48801214660603E-02,-0.28713971594761300,0.63254479181916000,3.005890865316870,-0.424799750075,0.0376686097178571,Coahuila,0,0,0,0,0,0,0,0,0,0,1,0,0,0,0,0,0,0,0,0,0,0,0,0,0,0,0,0,0,0,0,0
05PBH0358K,C. MADRID,publico,0,0.60514435473351500,1.14012201526446,-0.28485902988215000,1.87514764944628E-03,-0.75732569951719500,-0.148291037535243,-0.439528466423451,1.98270014988128,-0.0394456680555556,0.49,Coahuila,0,0,0,0,0,0,0,0,0,0,1,0,0,0,0,0,0,0,0,0,0,0,0,0,0,0,0,0,0,0,0,0
05PBH3508V,I.CUMBRES DE MONCLOVA,privado,1,na,na,na,na,na,na,na,na,0.970853002352941,2.27519232088235,Coahuila,0,0,0,0,0,0,0,0,0,0,1,0,0,0,0,0,0,0,0,0,0,0,0,0,0,0,0,0,0,0,0,0
06PBH0022Y,C. CAMPOVERDE,privado,1,na,na,na,na,na,na,na,na,1.19293245181818,2.88,Colima,0,0,0,0,0,0,0,0,0,0,0,0,1,0,0,0,0,0,0,0,0,0,0,0,0,0,0,0,0,0,0,0
06PBH3137T,I.FRAY PEDRO DE GANTE,privado,1,-0.14000000000000000,-4.16587316981614E-02,-1.19164912701347E-02,1.19253213311436E-03,-0.103340478486022,-0.14230231607445500,0.74493743174747800,0.75857221413362600,0.166275283595238,1.07169349642857,Colima,0,0,0,0,0,0,0,0,0,0,0,0,1,0,0,0,0,0,0,0,0,0,0,0,0,0,0,0,0,0,0,0
08ETC0007S,CECYT 10,publico,0,na,na,na,na,na,na,na,na,-0.1316866022,1.0408,Chihuahua,0,0,0,0,0,0,0,0,0,0,0,0,0,0,0,0,0,0,1,0,0,0,0,0,0,0,0,0,0,0,0,0
08PBH3614B,PREPA OXFORD HIGH SCHOOL,privado,1,na,na,na,na,na,na,na,na,-1.361393775,-0.69791,Chihuahua,0,0,0,0,0,0,0,0,0,0,0,0,0,0,0,0,0,0,1,0,0,0,0,0,0,0,0,0,0,0,0,0
08SBC2024J,"P.F.COOP.""ACTIVO 20-30,A,EINST",publico,0,na,na,na,na,na,na,na,na,0.930236750754898,2.10215306534351,Chihuahua,0,0,0,0,0,0,0,0,0,0,0,0,0,0,0,0,0,0,1,0,0,0,0,0,0,0,0,0,0,0,0,0
09DCT0002X,CECYT 2 MIGUEL BERNARD PERALES,publico,0,na,na,na,na,na,na,na,na,3.18830828395861,1.99,Ciudad de México,0,0,0,0,0,0,0,0,0,1,0,0,0,0,0,0,0,0,0,0,0,0,0,0,0,0,0,0,0,0,0,0
09DCT0012D,"CECYT 12, J. MA. MOR. Y PAVON",publico,0,na,na,na,na,na,na,na,na,1.69562227316231,1.37,Ciudad de México,0,0,0,0,0,0,0,0,0,1,0,0,0,0,0,0,0,0,0,0,0,0,0,0,0,0,0,0,0,0,0,0
09DCT0014B,"CECYT 14, LUIS ENRIQUE ERRO",publico,0,na,na,na,na,na,na,na,na,0.447593752411429,1.44554720873031,Ciudad de México,0,0,0,0,0,0,0,0,0,1,0,0,0,0,0,0,0,0,0,0,0,0,0,0,0,0,0,0,0,0,0,0
09PBH0003G,C. VISTAHERMOSA,privado,1,2.3246185403977100,-0.196343798516153,1.15671341854619,0.60975064046849100,-0.43791037499565,-1.72696856821161,0.81761820685910300,4.5096278262565600,0.945571131972222,2.09357800932639,Ciudad de México,0,0,0,0,0,0,0,0,0,1,0,0,0,0,0,0,0,0,0,0,0,0,0,0,0,0,0,0,0,0,0,0
09PBH0010Q,U. PANAMERICANA (YAOCALLI),privado,1,5.09677178385469E-02,0.292484295974552,-9.24005658380875E-02,0.38764879315885300,-0.47163552689271800,-0.125043543533678,0.291731372385647,1.5518179434582700,1.02488992176667,1.965735,Ciudad de México,0,0,0,0,0,0,0,0,0,1,0,0,0,0,0,0,0,0,0,0,0,0,0,0,0,0,0,0,0,0,0,0
09PBH0014M,U. PANAMERICANA,privado,1,0.89811526345958500,1.1541833074903000,-6.36111535861054E-02,-1.41123021323312,0.28016093450147,-0.130042378901603,0.52137227909481900,1.905616560605870,0.90856413308589,2.576521,Ciudad de México,0,0,0,0,0,0,0,0,0,1,0,0,0,0,0,0,0,0,0,0,0,0,0,0,0,0,0,0,0,0,0,0
09PBH0062W,C. MIRAFLORES,privado,1,2.1525232855601400,-0.36811635512236200,1.31201045139968,0.51483381309913700,-0.25525335874739600,-2.2066129432158500,-3.90885495566935E-02,5.4378365366761600,0.899823103292035,2.378152404,Ciudad de México,0,0,0,0,0,0,0,0,0,1,0,0,0,0,0,0,0,0,0,0,0,0,0,0,0,0,0,0,0,0,0,0
09PBH0108A,C. WILLIAMS,privado,1,3.151979299684550,3.1575546900161800,-0.62544465091106500,1.231984907815,8.41475985632143E-02,0.18911552727933300,-0.12832830881384400,3.6609201437662100,0.197191913203846,1.10307559307692,Ciudad de México,0,0,0,0,0,0,0,0,0,1,0,0,0,0,0,0,0,0,0,0,0,0,0,0,0,0,0,0,0,0,0,0
09PBH0122U,C. CULTURA PREHISPANICA,privado,1,na,na,na,na,na,na,na,na,0.4832427,0.762,Ciudad de México,0,0,0,0,0,0,0,0,0,1,0,0,0,0,0,0,0,0,0,0,0,0,0,0,0,0,0,0,0,0,0,0
09PBH0266Q,C. SUIZO DE MEXICO,privado,1,5.2700864295184200,6.1066343275298400,-0.91969418585868700,4.7417578797804700,-4.9453615225207200,0.37973460831948800,-3.4837506223896700,6.7548919677473800,1.23198500307692,2.78094214615385,Ciudad de México,0,0,0,0,0,0,0,0,0,1,0,0,0,0,0,0,0,0,0,0,0,0,0,0,0,0,0,0,0,0,0,0
09PBH0276X,CTRO.  EDUCATIVO  TOMAS MORO,privado,1,1.943026951943800,1.81061306540897,-0.76073036191097400,-0.38209141038986900,1.2457968990425200,-5.24105051918198E-02,0.51183713867728500,3.0015157658034100,0.716443325072727,1.83287284490909,Ciudad de México,0,0,0,0,0,0,0,0,0,1,0,0,0,0,0,0,0,0,0,0,0,0,0,0,0,0,0,0,0,0,0,0
09PBH3044A,E. BANCARIA Y COMERCIAL,privado,1,na,na,na,na,na,na,na,na,0.281978226933962,1.02324880343396,Ciudad de México,0,0,0,0,0,0,0,0,0,1,0,0,0,0,0,0,0,0,0,0,0,0,0,0,0,0,0,0,0,0,0,0
09PBH3117C,NUEVA E. JUSTO SIERRA,privado,1,1.500916342955710,1.0354605061247600,0.179267442319237,-0.62336661505250200,2.88477616859668E-02,8.91929362844509E-02,1.43433910185969,1.557987530895130,0.0255565372682927,0.753677853634146,Ciudad de México,0,0,0,0,0,0,0,0,0,1,0,0,0,0,0,0,0,0,0,0,0,0,0,0,0,0,0,0,0,0,0,0
09PBH3119A,E. CRISTOBAL COLON,privado,1,-0.42522294488641400,-0.18504675114278200,-2.23277346965171E-02,-0.25250035910794700,0.13676750826499600,-0.17856232029001700,0.623950810890048,0.86453937320980000,0.227299177165409,1.38526583122642,Ciudad de México,0,0,0,0,0,0,0,0,0,1,0,0,0,0,0,0,0,0,0,0,0,0,0,0,0,0,0,0,0,0,0,0
09PBH3302Z,C. INTERNACIONAL,privado,1,2.265896155805210,NA,NA,NA,NA,NA,NA,2.2408305121815500,0.185015172083333,1.28,Ciudad de México,0,0,0,0,0,0,0,0,0,1,0,0,0,0,0,0,0,0,0,0,0,0,0,0,0,0,0,0,0,0,0,0
09PBH3490I,E. SEC. Y P. JUSTO SIERRA,privado,1,7.8092258535670000,7.9350503347533600,1.1124764639193600,-11.1206941317902,-3.12106407054346,-0.41118835228627700,7.35936535131419E-02,10.09442952661230,-0.0760716110000001,0.487414928972973,Ciudad de México,0,0,0,0,0,0,0,0,0,1,0,0,0,0,0,0,0,0,0,0,0,0,0,0,0,0,0,0,0,0,0,0
09PBH35115A,TEC MILENIO CAMPUS FERRERIA,privado,1,na,na,na,na,na,na,na,na,0.373056697555556,1.376992808,Ciudad de México,0,0,0,0,0,0,0,0,0,1,0,0,0,0,0,0,0,0,0,0,0,0,0,0,0,0,0,0,0,0,0,0
09PBH3512D,C. PRINCETON DEL PEDREGAL,privado,1,-0.33649837464413200,-1.79752373064254E-02,-6.25697719804935E-02,-5.92722285950782E-02,-4.73800159383517E-02,-0.169932934019628,0.397347781209133,0.83378871845966400,-0.4750698691,0.0680744023333334,Ciudad de México,0,0,0,0,0,0,0,0,0,1,0,0,0,0,0,0,0,0,0,0,0,0,0,0,0,0,0,0,0,0,0,0
09PBH3566H,U. INTERCONTINENTAL,privado,1,6.5415225827525000,-0.89610426648450500,5.1966536350452800,-4.871115567116,-1.29139128592174E-02,-7.7055864071611100,-2.7639646476522800,7.4231184472253700,-0.100816666218343,0.648231857911243,Ciudad de México,0,0,0,0,0,0,0,0,0,1,0,0,0,0,0,0,0,0,0,0,0,0,0,0,0,0,0,0,0,0,0,0
09PBH3688S,C. HEBREO SEFARADI,privado,1,2.1936608367899800,-2.13512239377691E-02,0.54594486680855400,-0.12681330630381800,-0.17678546372832300,-0.10603104399035,0.78638773390375300,4.3845396793763300,-1.1554606184375,0.75,Ciudad de México,0,0,0,0,0,0,0,0,0,1,0,0,0,0,0,0,0,0,0,0,0,0,0,0,0,0,0,0,0,0,0,0
09PBH3689R,C. HEBREO TARBUT,privado,1,2.3492267523259600,-0.15660544821068500,0.48196923561990300,0.62054573271184900,-0.20140773837255400,-2.1688823997312600,-0.41417967162011300,4.4663762749521600,-0.122536072367647,1.08,Ciudad de México,0,0,0,0,0,0,0,0,0,1,0,0,0,0,0,0,0,0,0,0,0,0,0,0,0,0,0,0,0,0,0,0
09PBH3740Y,P. UNIV. IBEROAMERICANA,privado,1,4.6686771551606100,1.0839735436423900,0.67784768025518100,0.24653549404063800,-1.5994577103194500,0.61897754051838500,5.0578638118938700,6.4509194935633400,0.743049680976974,1.72991622976316,Ciudad de México,0,0,0,0,0,0,0,0,0,1,0,0,0,0,0,0,0,0,0,0,0,0,0,0,0,0,0,0,0,0,0,0
09PBH3770S,C. HEBREO MONTE SINAI,privado,1,6.1223310122192700,0.42989485329330500,0.58634641493101600,-0.49024923273649100,1.99490814638636,-3.8822695707627000,0.16104270329081,5.9322724060000000,-0.6997649108,0.211,Ciudad de México,0,0,0,0,0,0,0,0,0,1,0,0,0,0,0,0,0,0,0,0,0,0,0,0,0,0,0,0,0,0,0,0
09PBH8038Y,I. CANADIENSE CLARAC,privado,1,0.48588886724628300,0.62060495005203600,-1.25056628544295E-02,0.24612990023222000,-0.79222272768167200,-0.15229074995966800,0.26744296121908200,1.893569498235540,-0.0506244795476191,0.746523926428571,Ciudad de México,0,0,0,0,0,0,0,0,0,1,0,0,0,0,0,0,0,0,0,0,0,0,0,0,0,0,0,0,0,0,0,0
09PCT0003A,U. ISEC,privado,1,3.473375121385700,0.659800801984742,0.25716695962949900,1.5652953932238000,-0.34935338450424700,0.32169520966176100,4.6712423198300300,4.2348915348201900,0.82597798,1.926239,Ciudad de México,0,0,0,0,0,0,0,0,0,1,0,0,0,0,0,0,0,0,0,0,0,0,0,0,0,0,0,0,0,0,0,0
09PCT0004Z,CTRO.DE EST.TEC.GANTE(ROMERA),privado,1,na,na,na,na,na,na,na,na,-0.013991180675,0.586742142892857,Ciudad de México,0,0,0,0,0,0,0,0,0,1,0,0,0,0,0,0,0,0,0,0,0,0,0,0,0,0,0,0,0,0,0,0
09PCT0163O,C. BOSTON,privado,1,-2.14729466469583E-02,-5.35004788940294E-02,1.34101490850448E-02,3.14249124972107E-02,-0.13132070975985800,-0.128487007101869,0.91873225701665100,0.57857104954670600,-0.448101331466667,0.207,Ciudad de México,0,0,0,0,0,0,0,0,0,1,0,0,0,0,0,0,0,0,0,0,0,0,0,0,0,0,0,0,0,0,0,0
09PPR0252X,"C. AMERICANO, D.F.",privado,1,na,na,na,na,na,na,na,na,0.50835259705,1.72,Ciudad de México,0,0,0,0,0,0,0,0,0,1,0,0,0,0,0,0,0,0,0,0,0,0,0,0,0,0,0,0,0,0,0,0
09PSU0175T,ITESM SANTA FE,privado,1,na,na,na,na,na,na,na,na,1.15793893818983,2.51644306548546,Ciudad de México,0,0,0,0,0,0,0,0,0,1,0,0,0,0,0,0,0,0,0,0,0,0,0,0,0,0,0,0,0,0,0,0
10PBH0012D,I. UNIV. ANGLO ESPAÑOL,privado,1,0.47819755392239500,0.57770260917806400,-0.20567999618879600,5.90395582889622E-02,-0.34219989090650400,-0.131247064106635,0.40064163282623900,4.0051971803370600,0.740461697236842,1.71929000210526,Durango,0,0,1,0,0,0,0,0,0,0,0,0,0,0,0,0,0,0,0,0,0,0,0,0,0,0,0,0,0,0,0,0
10PBH0041Z,C. GUADIANA LA SALLE,privado,1,0.98467067924660400,-1.8660048099509E-02,0.30475000596581800,0.39094409023835400,0.65962604720413000,-1.0863653886690000,0.15909961864865200,2.1960550932842500,0.753634521699187,1.6168,Durango,0,0,1,0,0,0,0,0,0,0,0,0,0,0,0,0,0,0,0,0,0,0,0,0,0,0,0,0,0,0,0,0
10PBH0050G,I. FRANCES DE LA LAGUNA,privado,1,9.79944714883269E-02,-0.31737805230931900,0.61215094623318,1.3041656680902E-02,0.44927043211630700,-1.13047026227336,-0.34535371442357700,3.2139359159969600,0.21129460935,0.824476492425,Durango,0,0,1,0,0,0,0,0,0,0,0,0,0,0,0,0,0,0,0,0,0,0,0,0,0,0,0,0,0,0,0,0
10PBH3605I,B. CUMBRES DURANGO,privado,1,na,na,na,na,na,na,na,na,0.790579882941176,2.208879,Durango,0,0,1,0,0,0,0,0,0,0,0,0,0,0,0,0,0,0,0,0,0,0,0,0,0,0,0,0,0,0,0,0
11PBH0038K,U. LATINA DE MEXICO,privado,1,-7.22639498836785E-02,-3.46599190984548E-03,0.169492763193413,5.50539181336044E-02,-0.12429819278035300,-8.8992730185022E-02,0.92396372260794900,1.4654443491313100,0.411664236250746,0.798114419552239,Guanajuato,0,0,0,0,0,0,0,0,0,0,0,0,0,0,1,0,0,0,0,0,0,0,0,0,0,0,0,0,0,0,0,0
11PBH0123H,CTRO. EDUC. PATRIA,privado,1,0.65688677156947400,-1.3971891349589200,0.14626024135465100,-0.31638124970443900,0.103471296449706,1.4932267135614400,-0.64304015658270000,1.975007133213330,0.760330557833333,1.43778328288889,Guanajuato,0,0,0,0,0,0,0,0,0,0,0,0,0,0,1,0,0,0,0,0,0,0,0,0,0,0,0,0,0,0,0,0
11PBH0297Y,C. DIEGO RIVERA,privado,1,0.18116926644480600,0.47842820311969300,-4.73453053292212E-02,-0.155908137133658,-0.109059502812899,-0.121105136919057,0.37178389019469400,1.3440993796532500,-0.5373961200625,0.49,Guanajuato,0,0,0,0,0,0,0,0,0,0,0,0,0,0,1,0,0,0,0,0,0,0,0,0,0,0,0,0,0,0,0,0
11PBH0338H,P. BENEMERITO DE LAS AMERICAS,privado,1,na,na,na,na,na,na,na,na,-0.567559411818182,0.116834324090909,Guanajuato,0,0,0,0,0,0,0,0,0,0,0,0,0,0,1,0,0,0,0,0,0,0,0,0,0,0,0,0,0,0,0,0
11PBH3121D,UNIVERSIDAD DE CELAYA,privado,1,na,na,na,na,na,na,na,na,1.05643860533011,2.18708731386364,Guanajuato,0,0,0,0,0,0,0,0,0,0,0,0,0,0,1,0,0,0,0,0,0,0,0,0,0,0,0,0,0,0,0,0
11PBH3367X,C.PEDRO MARTINEZ VAZQUEZ A.C,privado,1,1.013985860692890,0.77393556251111300,-0.115706876437564,-0.39342915248055300,0.241429507490073,7.57495671542645E-02,0.73860035779657000,2.2829166951544400,0.595203516036607,1.73303256783036,Guanajuato,0,0,0,0,0,0,0,0,0,0,0,0,0,0,1,0,0,0,0,0,0,0,0,0,0,0,0,0,0,0,0,0
11PBH3633D,I. LUX,privado,1,7.4252718219884600,-6.3316069175119500,7.0669747333186500,1.38776502016836,1.26888430427137,-11.2296653852601,-1.38559832476148,7.581263143366640,0.603844223930556,1.95343302009259,Guanajuato,0,0,0,0,0,0,0,0,0,0,0,0,0,0,1,0,0,0,0,0,0,0,0,0,0,0,0,0,0,0,0,0
12PBH3322Z,L. IBERO MEXICANO DE ACAPULCO,privado,1,-7.74662665317995E-02,0.12854295922814200,-0.70350204774248400,0.83268105697141000,-0.518098916735244,-0.25585547793479100,-0.25878131525799500,1.003217067222110,0.15375347147619,0.997292576190476,Guerrero,0,0,0,0,0,0,0,0,0,0,0,0,0,0,0,0,0,0,0,0,0,0,0,0,0,0,1,0,0,0,0,0
13PBH0929S,INSTITUTO CEDRUS,privado,1,0.45997436200000000,0.26991057409779900,8.15399731978833E-02,-0.24332293637219000,-2.28427880679741E-02,-8.1380941785392E-02,1.20666880831771,3.6220639130000000,0.927645288571429,0.915927852857143,Hidalgo,0,0,0,0,0,0,0,0,0,0,0,0,0,0,0,0,0,0,0,1,0,0,0,0,0,0,0,0,0,0,0,0
13PBH3066Z,P. MORELOS,publico,0,1.020597884285210,0.24775796450472500,0.195587170113728,0.80780517097747400,-0.81003520462884700,-0.269344135110414,1.18667596938947,1.9841942352308000,0.193547821868852,1.2630895547541,Hidalgo,0,0,0,0,0,0,0,0,0,0,0,0,0,0,0,0,0,0,0,1,0,0,0,0,0,0,0,0,0,0,0,0
13PBH3271I,ITESM HIDALGO,privado,1,12.754025162928500,-7.3281822795966700,6.6637583683072200,-0.54908597295196200,1.84575052639339,-15.561627328479600,-2.3245362650677100,11.50684335471620,1.28078976194313,2.62114843985782,Hidalgo,0,0,0,0,0,0,0,0,0,0,0,0,0,0,0,0,0,0,0,1,0,0,0,0,0,0,0,0,0,0,0,0
13PBH3282O,U. LA SALLE PACHUCA,privado,1,6.2108370160000000,-2.7528673988938700,0.68103711635830500,9.85188448696821E-02,-0.48388152810186500,4.6946963268627100,0.840703024356933,5.4344423999779600,0.65951604297354,1.48922845222124,Hidalgo,0,0,0,0,0,0,0,0,0,0,0,0,0,0,0,0,0,0,0,1,0,0,0,0,0,0,0,0,0,0,0,0
13PBH3624U,CTRO ED CULT BIL TOLLANTZINGO,privado,1,0.739202674553183,-0.62827986081109500,0.19110632990190400,-2.97838233955429E-03,0.17152616013338500,0.88179608075256500,0.62111760471764900,1.1180678960026300,1.29204690867647,2.81873855867647,Hidalgo,0,0,0,0,0,0,0,0,0,0,0,0,0,0,0,0,0,0,0,1,0,0,0,0,0,0,0,0,0,0,0,0
13PBH3916I,P. DR. ALBERTO ZOEBISCH S.,privado,1,na,na,na,na,na,na,na,na,4.19116843594565,1.17103903007054,Hidalgo,0,0,0,0,0,0,0,0,0,0,0,0,0,0,0,0,0,0,0,1,0,0,0,0,0,0,0,0,0,0,0,0
14PBH012D,ITESM GUADALAJARA,privado,1,10.535949797489500,-2.7681838632374600,6.7163419076989400,3.0142000204880200,4.0365639347443400,-12.110648138089000,-5.2644174843621500,10.560382541814500,1.19334007021176,2.44526163151057,Jalisco,0,0,0,1,0,0,0,0,0,0,0,0,0,0,0,0,0,0,0,0,0,0,0,0,0,0,0,0,0,0,0,0
14PBH0255W,I.MIGUEL ANGEL DE OCCID. A.C.,privado,1,0.25947994389187600,-0.19765824212986300,0.34135951405173900,-0.37519176416799500,-0.43476639488823600,-0.56072613556996400,0.747610737235747,2.9898397250000000,0.77550514047619,1.53454838380952,Jalisco,0,0,0,1,0,0,0,0,0,0,0,0,0,0,0,0,0,0,0,0,0,0,0,0,0,0,0,0,0,0,0,0
14PBH0309J,CTRO.DE EST.DE LAS AMERICAS AC,privado,1,-0.45950399116277500,0.12866615753541700,-0.32221102426078600,3.47459453711564E-02,-0.168599478936616,-0.23533609709755300,-0.26897377723601300,-0.76810155814995500,0.06593809,0.233001201,Jalisco,0,0,0,1,0,0,0,0,0,0,0,0,0,0,0,0,0,0,0,0,0,0,0,0,0,0,0,0,0,0,0,0
14PBH3129T,C. ALEMAN DE GUADALAJARA,privado,1,2.4778893817195900,0.87351640701686300,0.75435261343438000,0.19044659425858800,-1.14571426575819,-0.89259495961448000,0.62290686528660400,4.4811094633697400,1.06410391877083,2.001,Jalisco,0,0,0,1,0,0,0,0,0,0,0,0,0,0,0,0,0,0,0,0,0,0,0,0,0,0,0,0,0,0,0,0
14PBH3164Z,I. DE LA VERA CRUZ,privado,1,1.0167658074030900,0.64893880288418400,-4.38860582544465E-02,0.71287297936183600,0.162171906437928,3.6291036488386E-02,1.2736641943373800,3.3614982859949400,0.7254733081,1.48320801295833,Jalisco,0,0,0,1,0,0,0,0,0,0,0,0,0,0,0,0,0,0,0,0,0,0,0,0,0,0,0,0,0,0,0,0
14PBH3262Z,B. U. DEL VALLE DE ATEMAJAC,privado,1,na,na,na,na,na,na,na,na,0.408165842569106,1.35,Jalisco,0,0,0,1,0,0,0,0,0,0,0,0,0,0,0,0,0,0,0,0,0,0,0,0,0,0,0,0,0,0,0,0
14PBH3297P,INSTITUTO ALPES SAN JAVIER,privado,1,0.72029006555117000,-8.35761565399461E-03,9.33193387026505E-02,-0.15726139413521200,1.72385938029052E-03,-0.94900511271844100,7.6272508413676E-02,1.473639611738340,0.49373285142459,1.30230412832787,Jalisco,0,0,0,1,0,0,0,0,0,0,0,0,0,0,0,0,0,0,0,0,0,0,0,0,0,0,0,0,0,0,0,0
14PBH3366V,I. DE CIENCIAS,privado,1,4.3223254445749400,0.68350124017601100,1.32297907149395,2.1800366838293600,-1.5557291074895600,-1.73980576266425,1.34134565928186,4.7624010562204200,1.12772949509324,2.20263766139075,Jalisco,0,0,0,1,0,0,0,0,0,0,0,0,0,0,0,0,0,0,0,0,0,0,0,0,0,0,0,0,0,0,0,0
15PBH0003R,C. INDOAMERICANO,privado,1,1.5663034764411100,0.64497170521142600,0.76103220519856600,-1.04849913391534,-9.61300248912642E-02,-1.06953438241957,-0.71769884886317100,2.442328528,0.5742385,1.13,México,1,0,0,0,0,0,0,0,0,0,0,0,0,0,0,0,0,0,0,0,0,0,0,0,0,0,0,0,0,0,0,0
15PBH0079G,ITESM TOLUCA,privado,1,na,na,na,na,na,na,na,na,1.17365060665464,2.35201983917268,México,1,0,0,0,0,0,0,0,0,0,0,0,0,0,0,0,0,0,0,0,0,0,0,0,0,0,0,0,0,0,0,0
15PBH0158T,I. THOMAS JEFFERSON,privado,1,1.483655494613240,-0.89798465167987800,1.07102973571334,0.304628703224254,-4.95453050984728E-02,-1.54341799719773,1.3914043074348500,4.0051971803370600,0.868019018971429,1.61397987961429,México,1,0,0,0,0,0,0,0,0,0,0,0,0,0,0,0,0,0,0,0,0,0,0,0,0,0,0,0,0,0,0,0
15PBH0160H,C. MODERNO TEPEYAC,privado,1,2.178353643481640,-1.4096592549329800,1.23548673421304,-0.74088026994589700,-0.114954223432274,0.14422927354721200,0.19223986823483900,5.4378365366761600,0.359950597288461,1.23729737903846,México,1,0,0,0,0,0,0,0,0,0,0,0,0,0,0,0,0,0,0,0,0,0,0,0,0,0,0,0,0,0,0,0
15PBH3036C,"C. CRISTOBAL COLON, L. VERDES",privado,1,3.126187029666000,-0.204100346834548,1.2438648869559600,-1.98396948345614E-02,-0.102201723827861,-1.06408254006333,3.4621537774097800,5.1849520264299700,0.795372945483077,1.9579,México,1,0,0,0,0,0,0,0,0,0,0,0,0,0,0,0,0,0,0,0,0,0,0,0,0,0,0,0,0,0,0,0
15PBH3239Y,A. MADDOX,privado,1,na,na,na,na,na,na,na,na,1.08766865084722,1.88406,México,1,0,0,0,0,0,0,0,0,0,0,0,0,0,0,0,0,0,0,0,0,0,0,0,0,0,0,0,0,0,0,0
15PBH3375B,I. MEXICO DE TOLUCA,privado,1,na,na,na,na,na,na,na,na,0.415765648741573,1.51452673344944,México,1,0,0,0,0,0,0,0,0,0,0,0,0,0,0,0,0,0,0,0,0,0,0,0,0,0,0,0,0,0,0,0
15PBH3624S,P.JUSTO SIERRA PL.SAN MATEO,privado,0,6.1348214673279100,-0.59838297911674400,1.7847056775233800,-2.3773119440044300,0.69234090477671200,2.94636590828829,-0.389168352628665,8.1463122656632100,0.0168316104563758,0.881474048046309,México,1,0,0,0,0,0,0,0,0,0,0,0,0,0,0,0,0,0,0,0,0,0,0,0,0,0,0,0,0,0,0,0
15PBH3649A,U. LA SALLE NEZAHUALCOYOTL,privado,1,na,na,na,na,na,na,na,na,0.748733344070831,1.46196121465545,México,1,0,0,0,0,0,0,0,0,0,0,0,0,0,0,0,0,0,0,0,0,0,0,0,0,0,0,0,0,0,0,0
15PBH6078W,CEN ESCOLAR DEL TEPEYAC,privado,1,0.77008388640104900,-0.26878809445778700,0.432266518841944,0.20831931682166200,0.15599186687002100,-0.68498635642667000,1.18229764743772,2.7175889627786200,0.184907955473934,1.86639014237705,México,1,0,0,0,0,0,0,0,0,0,0,0,0,0,0,0,0,0,0,0,0,0,0,0,0,0,0,0,0,0,0,0
15PBH6105C,I. SIMON BOLIVAR (TOLUCA),privado,1,2.291297828956580,-3.0408028858629500,0.98140159130145700,0.15971526506824700,-0.15799299508189200,2.8308190681298900,0.177931120536134,3.1580587825444,1.14158278571429,2.13859527892857,México,1,0,0,0,0,0,0,0,0,0,0,0,0,0,0,0,0,0,0,0,0,0,0,0,0,0,0,0,0,0,0,0
15PBH6127O,"C.E.UNIV.""HORACIO ZÚÑIGA"" S.C.",privado,1,3.391097202238930,-0.63549518621747400,1.11861846274309,-1.6501184601949400,0.26932652752835000,0.16740406108118,-0.63140583278775300,3.6229075291019200,0.00861352954687501,0.304153159907813,México,1,0,0,0,0,0,0,0,0,0,0,0,0,0,0,0,0,0,0,0,0,0,0,0,0,0,0,0,0,0,0,0
15PBH6154L,C. EL ROBLE,privado,1,1.9461177887240800,0.31517564582924000,0.49120726224670000,0.30959408797420900,0.19173809722517100,-0.334568198600947,2.1051322938710500,3.6448889452190300,0.744302168888889,2.32,México,1,0,0,0,0,0,0,0,0,0,0,0,0,0,0,0,0,0,0,0,0,0,0,0,0,0,0,0,0,0,0,0
15PBH6213K,I. CENCA,privado,1,3.4939782487543700,0.23260628276495500,1.3587267133301800,0.317660250753238,1.4050925184651,-2.4624967801848200,0.39059500134516100,5.3529111687107000,0.362204800180952,1.42750793637143,México,1,0,0,0,0,0,0,0,0,0,0,0,0,0,0,0,0,0,0,0,0,0,0,0,0,0,0,0,0,0,0,0
15PCB0002X,E. SIERRA NEVADA INTERLOMAS,privado,1,1.9877952578684600,1.7919468415700600,0.102194912767125,-0.447214539618978,2.1554474439722500,-0.23530015544013,2.48845138866859E-02,4.31759782704688,0.731677525542373,1.5520814089322,México,1,0,0,0,0,0,0,0,0,0,0,0,0,0,0,0,0,0,0,0,0,0,0,0,0,0,0,0,0,0,0,0
15PCT0804C,GRUPO EDUCATIVO IMEI S.C.,privado,1,na,na,na,na,na,na,na,na,-0.1459250042,-0.296017196,México,1,0,0,0,0,0,0,0,0,0,0,0,0,0,0,0,0,0,0,0,0,0,0,0,0,0,0,0,0,0,0,0
16PBH0069Z,U. VASCO DE QUIROGA,privado,1,0.81751945923759400,-0.832918513244577,0.178103917359829,4.41939928748609E-02,0.17352853347019200,0.62017057612577600,-0.56202913218435300,1.9506220937335500,0.00156683233867923,0.913111209,Michoacán,0,0,0,0,0,0,0,0,0,0,0,0,0,0,0,0,0,0,0,0,0,1,0,0,0,0,0,0,0,0,0,0
16PBH3276A,I. VALLADOLID P.,privado,1,na,na,na,na,na,na,na,na,0.0376938425080833,1.00256731381667,Michoacán,0,0,0,0,0,0,0,0,0,0,0,0,0,0,0,0,0,0,0,0,0,1,0,0,0,0,0,0,0,0,0,0
16PBH3694M,CTRO.DE EST.PANAMERICANO,privado,1,na,na,na,na,na,na,na,na,-0.322378997142857,-0.254651707142857,Michoacán,0,0,0,0,0,0,0,0,0,0,0,0,0,0,0,0,0,0,0,0,0,1,0,0,0,0,0,0,0,0,0,0
17PBH0014V,C. MARYMOUNT,privado,1,na,na,na,na,na,na,na,na,0.885005223153846,2.55614195384615,Morelos,0,0,0,0,0,0,0,0,0,0,0,0,0,0,0,0,1,0,0,0,0,0,0,0,0,0,0,0,0,0,0,0
17PBH0037F,I. OXFORD,privado,1,2.66312589182139,-0.28062273804251900,1.2920573479406700,3.98751767382301E-02,2.05204010698196E-02,-2.2256866006658400,0.54761536344862500,4.7328311668393800,-0.0719395522222222,0.192087718571429,Morelos,0,0,0,0,0,0,0,0,0,0,0,0,0,0,0,0,1,0,0,0,0,0,0,0,0,0,0,0,0,0,0,0
17PBH0048L,U. LATINA,privado,1,na,na,na,na,na,na,na,na,-0.198498971809524,0.798244880461539,Morelos,0,0,0,0,0,0,0,0,0,0,0,0,0,0,0,0,1,0,0,0,0,0,0,0,0,0,0,0,0,0,0,0
17PBH0070N,C.OQUETZA,privado,1,na,na,na,na,na,na,na,na,0.602431911904762,1.7527793847619,Morelos,0,0,0,0,0,0,0,0,0,0,0,0,0,0,0,0,1,0,0,0,0,0,0,0,0,0,0,0,0,0,0,0
17PBH0082S,C.SUIZO DE MEX.CUERNAVACA,privado,1,na,na,na,na,na,na,na,na,1.23198500307692,2.78094214615385,Morelos,0,0,0,0,0,0,0,0,0,0,0,0,0,0,0,0,1,0,0,0,0,0,0,0,0,0,0,0,0,0,0,0
17PBH0085P,L. MONTERREAL,privado,1,na,na,na,na,na,na,na,na,-0.203681675,0.855762663333333,Morelos,0,0,0,0,0,0,0,0,0,0,0,0,0,0,0,0,1,0,0,0,0,0,0,0,0,0,0,0,0,0,0,0
17PBH3103I,U. LA SALLE CUERNAVACA,privado,1,na,na,na,na,na,na,na,na,0.515842654416185,1.4322902520815,Morelos,0,0,0,0,0,0,0,0,0,0,0,0,0,0,0,0,1,0,0,0,0,0,0,0,0,0,0,0,0,0,0,0
18PBH0093X,HARKNESS INSTITUTE,privado,1,na,na,na,na,na,na,na,na,1.34699318583333,2.42145617333333,Nayarit,0,0,0,0,0,0,0,0,0,0,0,0,0,0,0,0,0,0,0,0,0,0,0,1,0,0,0,0,0,0,0,0
19PBH0010X,CTRO. U. MEXICO VALLE,privado,1,na,na,na,na,na,na,na,na,-0.576788485,-0.264578021125,Nuevo León,0,0,0,0,0,0,0,0,0,0,0,0,0,0,0,0,0,1,0,0,0,0,0,0,0,0,0,0,0,0,0,0
19PBH0149H,U. DE MONTERREY,privado,1,na,na,na,na,na,na,na,na,1.06460821298054,2.28727984526487,Nuevo León,0,0,0,0,0,0,0,0,0,0,0,0,0,0,0,0,0,1,0,0,0,0,0,0,0,0,0,0,0,0,0,0
19PBH0253T,L. DE MONTERREY,privado,1,na,na,na,na,na,na,na,na,1.35664936576923,2.26356564288462,Nuevo León,0,0,0,0,0,0,0,0,0,0,0,0,0,0,0,0,0,1,0,0,0,0,0,0,0,0,0,0,0,0,0,0
19UBH0002Z,CTRO. INV Y DES DE EDU BILINGU,publico,0,na,na,na,na,na,na,na,na,1.32051028682857,2.75312359330565,Nuevo León,0,0,0,0,0,0,0,0,0,0,0,0,0,0,0,0,0,1,0,0,0,0,0,0,0,0,0,0,0,0,0,0
19UBH0019Z,C.INV.Y DES.DE ED.BIL.CIDEB,publico,0,na,na,na,na,na,na,na,na,1.32051028682857,2.75312359330565,Nuevo León,0,0,0,0,0,0,0,0,0,0,0,0,0,0,0,0,0,1,0,0,0,0,0,0,0,0,0,0,0,0,0,0
20PBH3680W,U. LA SALLE DE OAXACA,privado,1,na,na,na,na,na,na,na,na,0.577432881132231,1.67038993892975,Oaxaca,0,0,0,0,0,0,0,0,0,0,0,0,0,0,0,0,0,0,0,0,0,0,0,0,0,0,0,1,0,0,0,0
21EBH0181Z,BACHILLERATO 5 DE MAYO,publico,0,na,na,na,na,na,na,na,na,0.085122106282174,1.69,Puebla,0,0,0,0,0,0,1,0,0,0,0,0,0,0,0,0,0,0,0,0,0,0,0,0,0,0,0,0,0,0,0,0
21PBH0020S,C. AMERICANO DE PUEBLA,privado,1,na,na,na,na,na,na,na,na,0.0828731486170213,1.14025,Puebla,0,0,0,0,0,0,1,0,0,0,0,0,0,0,0,0,0,0,0,0,0,0,0,0,0,0,0,0,0,0,0,0
21PBH0023P,"C. HUMBOLDT, PUEBLA",privado,1,na,na,na,na,na,na,na,na,0.829143114907407,2.008,Puebla,0,0,0,0,0,0,1,0,0,0,0,0,0,0,0,0,0,0,0,0,0,0,0,0,0,0,0,0,0,0,0,0
21PBH0042D,CTRO DE EST. JOHN F. KENNEDY,privado,1,na,na,na,na,na,na,na,na,0.641257270996428,1.41296785053571,Puebla,0,0,0,0,0,0,1,0,0,0,0,0,0,0,0,0,0,0,0,0,0,0,0,0,0,0,0,0,0,0,0,0
21PBH0230X,C. KAROL WOJTYLA,privado,1,na,na,na,na,na,na,na,na,0.94181956625,2.13089119,Puebla,0,0,0,0,0,0,1,0,0,0,0,0,0,0,0,0,0,0,0,0,0,0,0,0,0,0,0,0,0,0,0,0
21PBH0260R,E. YOLIZTLI  DE CHOLULA,privado,1,na,na,na,na,na,na,na,na,0.884538425789474,2.4548783168421,Puebla,0,0,0,0,0,0,1,0,0,0,0,0,0,0,0,0,0,0,0,0,0,0,0,0,0,0,0,0,0,0,0,0
21PBH0275T,SAN DIEGO SCHOOL,privado,1,na,na,na,na,na,na,na,na,1.1546371994,2.6654200355,Puebla,0,0,0,0,0,0,1,0,0,0,0,0,0,0,0,0,0,0,0,0,0,0,0,0,0,0,0,0,0,0,0,0
21PBH0286Z,I. D AMICIS,privado,1,na,na,na,na,na,na,na,na,0.723919404408163,1.78774001877551,Puebla,0,0,0,0,0,0,1,0,0,0,0,0,0,0,0,0,0,0,0,0,0,0,0,0,0,0,0,0,0,0,0,0
21PBH0449T,SAN ANTONIO SCHOOL,privado,1,na,na,na,na,na,na,na,na,0.289024852384615,1.13302624463077,Puebla,0,0,0,0,0,0,1,0,0,0,0,0,0,0,0,0,0,0,0,0,0,0,0,0,0,0,0,0,0,0,0,0
21PBH0453F,C. SIMON BOLIVAR,privado,1,1.0611099274092200,1.0875055224857800,-8.16802526892297E-02,0.76816628673830100,-0.98555075599546800,-1.75110469745703E-02,0.334345897816896,1.282965372,0.7232477065,1.591852545,Puebla,0,0,0,0,0,0,1,0,0,0,0,0,0,0,0,0,0,0,0,0,0,0,0,0,0,0,0,0,0,0,0,0
21PBH0457B,I. MEXICO DE PUEBLA,privado,1,na,na,na,na,na,na,na,na,0.274376782821918,1.5695397629703,Puebla,0,0,0,0,0,0,1,0,0,0,0,0,0,0,0,0,0,0,0,0,0,0,0,0,0,0,0,0,0,0,0,0
21PBH0470W,I. JUAREZ-LINCOLN,privado,1,na,na,na,na,na,na,na,na,0.809557097,1.90077348480952,Puebla,0,0,0,0,0,0,1,0,0,0,0,0,0,0,0,0,0,0,0,0,0,0,0,0,0,0,0,0,0,0,0,0
21PBH0473T,BACH. UPAEP ANGELOPOLIS,privado,1,na,na,na,na,na,na,na,na,0.516817338285714,1.2089,Puebla,0,0,0,0,0,0,1,0,0,0,0,0,0,0,0,0,0,0,0,0,0,0,0,0,0,0,0,0,0,0,0,0
21PBH3600T,TEC MILENIO PUEBLA,privado,1,na,na,na,na,na,na,na,na,0.681692867316854,1.978613129,Puebla,0,0,0,0,0,0,1,0,0,0,0,0,0,0,0,0,0,0,0,0,0,0,0,0,0,0,0,0,0,0,0,0
21PBH3652Z,I. MEXICANO MADERO,privado,1,na,na,na,na,na,na,na,na,0.601830890781159,1.64853693001449,Puebla,0,0,0,0,0,0,1,0,0,0,0,0,0,0,0,0,0,0,0,0,0,0,0,0,0,0,0,0,0,0,0,0
22PBH0025M,ITESM QUERETARO,privado,1,3.565613547614610,-3.42440016073144,1.08705173025031,-0.224347783407533,0.22027028804676200,4.7105040262004100,0.102563044369526,4.5416746770475200,0.968096909693044,2.21915806234783,Querétaro,0,0,0,0,0,0,0,1,0,0,0,0,0,0,0,0,0,0,0,0,0,0,0,0,0,0,0,0,0,0,0,0
22PBH0033V,C. ALAMOS,privado,1,na,na,na,na,na,na,na,na,0.747782604888889,2.15,Querétaro,0,0,0,0,0,0,0,1,0,0,0,0,0,0,0,0,0,0,0,0,0,0,0,0,0,0,0,0,0,0,0,0
22PBH0049W,C. CELTA INTERNACIONAL,privado,1,na,na,na,na,na,na,na,na,0.702247690008696,1.9886,Querétaro,0,0,0,0,0,0,0,1,0,0,0,0,0,0,0,0,0,0,0,0,0,0,0,0,0,0,0,0,0,0,0,0
22PBH0050L,COLEGIO REAL DE QUERENDA,privado,1,na,na,na,na,na,na,na,na,0.246764528571429,1.22444404495238,Querétaro,0,0,0,0,0,0,0,1,0,0,0,0,0,0,0,0,0,0,0,0,0,0,0,0,0,0,0,0,0,0,0,0
22PBH0074V,C. CAROL BAUR,privado,1,0.25030746265849400,0.22045711378976400,-4.00374269480754E-02,0.42433744243266400,-0.50871375886686700,-2.96805644220037E-02,0.51772124354476000,1.69879788988053,0.947828637272727,1.83,Querétaro,0,0,0,0,0,0,0,1,0,0,0,0,0,0,0,0,0,0,0,0,0,0,0,0,0,0,0,0,0,0,0,0
22PBH0081E,P.ESPARTA,privado,1,na,na,na,na,na,na,na,na,-5.98722714285726E-04,0.13661044,Querétaro,0,0,0,0,0,0,0,1,0,0,0,0,0,0,0,0,0,0,0,0,0,0,0,0,0,0,0,0,0,0,0,0
22PBH3186T,LA SALLE SAN JUAN DEL RIO,privado,1,na,na,na,na,na,na,na,na,0.570195476402174,1.22977251247717,Querétaro,0,0,0,0,0,0,0,1,0,0,0,0,0,0,0,0,0,0,0,0,0,0,0,0,0,0,0,0,0,0,0,0
22PBH3390D,C. CUMBRES Y ALPES,privado,1,na,na,na,na,na,na,na,na,0.675219097045977,1.75,Querétaro,0,0,0,0,0,0,0,1,0,0,0,0,0,0,0,0,0,0,0,0,0,0,0,0,0,0,0,0,0,0,0,0
23PBH0008V,I. PARTENÓN COZUMEL,privado,1,na,na,na,na,na,na,na,na,-0.3667529005,0.547856006475,Quintana Roo,0,0,0,0,1,0,0,0,0,0,0,0,0,0,0,0,0,0,0,0,0,0,0,0,0,0,0,0,0,0,0,0
23PBH0035S,INSTITUTO CESARE,privado,1,na,na,na,na,na,na,na,na,-0.0609629525,0.990738647,Quintana Roo,0,0,0,0,1,0,0,0,0,0,0,0,0,0,0,0,0,0,0,0,0,0,0,0,0,0,0,0,0,0,0,0
23PBH0041C,B.NACIONES UNIDAS EL PAPALOTE,privado,1,na,na,na,na,na,na,na,na,0.699286166666667,1.689,Quintana Roo,0,0,0,0,1,0,0,0,0,0,0,0,0,0,0,0,0,0,0,0,0,0,0,0,0,0,0,0,0,0,0,0
23PBH3135L,U. LA SALLE CANCUN,privado,1,na,na,na,na,na,na,na,na,0.772786642978495,1.642128486,Quintana Roo,0,0,0,0,1,0,0,0,0,0,0,0,0,0,0,0,0,0,0,0,0,0,0,0,0,0,0,0,0,0,0,0
23PCB0001G,C. BRITANICO DEL CARIBE,privado,1,na,na,na,na,na,na,na,na,0.712040743043478,1.738,Quintana Roo,0,0,0,0,1,0,0,0,0,0,0,0,0,0,0,0,0,0,0,0,0,0,0,0,0,0,0,0,0,0,0,0
24PCB0016H,I. REAL DE SAN LUIS,privado,1,na,na,na,na,na,na,na,na,1.0314143176,2.582467036,San Luis Potosí,0,0,0,0,0,0,0,0,0,0,0,0,0,0,0,0,0,0,0,0,0,0,0,0,0,1,0,0,0,0,0,0
25PBH0029F,U. CATOLICA DE CULIACAN,privado,1,na,na,na,na,na,na,na,na,0.404876180409804,1.285956198,Sinaloa,0,0,0,0,0,0,0,0,0,0,0,0,0,1,0,0,0,0,0,0,0,0,0,0,0,0,0,0,0,0,0,0
25PBH0206T,I. ANGLO MODERNO,privado,1,na,na,na,na,na,na,na,na,0.699469117442623,1.29497349627869,Sinaloa,0,0,0,0,0,0,0,0,0,0,0,0,0,1,0,0,0,0,0,0,0,0,0,0,0,0,0,0,0,0,0,0
25PBH30004R,I. CULTURAL DE OCCIDENTE (ICO),privado,1,na,na,na,na,na,na,na,na,1.267055318,2.42112205664057,Sinaloa,0,0,0,0,0,0,0,0,0,0,0,0,0,1,0,0,0,0,0,0,0,0,0,0,0,0,0,0,0,0,0,0
25PBH3021H,C. CHAPULTEPEC (MUJERES),privado,1,na,na,na,na,na,na,na,na,1.29534226102041,2.73,Sinaloa,0,0,0,0,0,0,0,0,0,0,0,0,0,1,0,0,0,0,0,0,0,0,0,0,0,0,0,0,0,0,0,0
25PBH3163F,C. GUASAVE,privado,1,na,na,na,na,na,na,na,na,0.587343596367089,1.68,Sinaloa,0,0,0,0,0,0,0,0,0,0,0,0,0,1,0,0,0,0,0,0,0,0,0,0,0,0,0,0,0,0,0,0
25PSU0149M,TEC MILENIO C. LOS MOCHIS,privado,1,na,na,na,na,na,na,na,na,0.147162582507792,1.17330428157143,Sinaloa,0,0,0,0,0,0,0,0,0,0,0,0,0,1,0,0,0,0,0,0,0,0,0,0,0,0,0,0,0,0,0,0
25UBH0009D,P. EMILIANO ZAPATA,publico,0,na,na,na,na,na,na,na,na,0.186040625454964,1.26390675554312,Sinaloa,0,0,0,0,0,0,0,0,0,0,0,0,0,1,0,0,0,0,0,0,0,0,0,0,0,0,0,0,0,0,0,0
26PBH0107S,C. REGIS,privado,1,na,na,na,na,na,na,na,na,0.0416169656986928,1.38131409026732,Sonora,0,0,0,0,0,0,0,0,0,0,0,0,0,0,0,1,0,0,0,0,0,0,0,0,0,0,0,0,0,0,0,0
26PBH0116Z,SISTEMA EDUCATIVO MUÑOZ,privado,1,na,na,na,na,na,na,na,na,-0.311310691111111,0.453579458,Sonora,0,0,0,0,0,0,0,0,0,0,0,0,0,0,0,1,0,0,0,0,0,0,0,0,0,0,0,0,0,0,0,0
26PBH0164U,C. LICEO THEZIA,privado,1,na,na,na,na,na,na,na,na,1.32062081514815,2.96613337037037,Sonora,0,0,0,0,0,0,0,0,0,0,0,0,0,0,0,1,0,0,0,0,0,0,0,0,0,0,0,0,0,0,0,0
26PCB0009W,P. PEDRO DE GANTE,privado,1,na,na,na,na,na,na,na,na,0.23685351,1.8203335,Sonora,0,0,0,0,0,0,0,0,0,0,0,0,0,0,0,1,0,0,0,0,0,0,0,0,0,0,0,0,0,0,0,0
27PCB0023O,C. ARJI,privado,1,na,na,na,na,na,na,na,na,0.164575631121053,1.1405,Tabasco,0,0,0,0,0,0,0,0,1,0,0,0,0,0,0,0,0,0,0,0,0,0,0,0,0,0,0,0,0,0,0,0
27PCB0039P,C. AMERICANO DE TABASCO,privado,1,na,na,na,na,na,na,na,na,-0.58826248364486,0.9549,Tabasco,0,0,0,0,0,0,0,0,1,0,0,0,0,0,0,0,0,0,0,0,0,0,0,0,0,0,0,0,0,0,0,0
27PCB0040E,C. INGLES DE VILLAHERMOSA,privado,1,na,na,na,na,na,na,na,na,0.53500512375,1.84,Tabasco,0,0,0,0,0,0,0,0,1,0,0,0,0,0,0,0,0,0,0,0,0,0,0,0,0,0,0,0,0,0,0,0
27PCB0042C,C. TABASCO,privado,1,na,na,na,na,na,na,na,na,-0.113685597904762,1.0546674364898,Tabasco,0,0,0,0,0,0,0,0,1,0,0,0,0,0,0,0,0,0,0,0,0,0,0,0,0,0,0,0,0,0,0,0
27PSU0021F,TEC MILENIO C.VILLAHERMOSA,privado,1,na,na,na,na,na,na,na,na,0.707276344707965,1.77156446535714,Tabasco,0,0,0,0,0,0,0,0,1,0,0,0,0,0,0,0,0,0,0,0,0,0,0,0,0,0,0,0,0,0,0,0
28PBH0116Y,C. FELIX DE JESUS ROUGIER,privado,1,na,na,na,na,na,na,na,na,-0.0278063266666667,0.683662932416667,Tamaulipas,0,0,0,0,0,0,0,0,0,0,0,1,0,0,0,0,0,0,0,0,0,0,0,0,0,0,0,0,0,0,0,0
28PBH0140Y,C. ATENEO VICTORIA,privado,1,na,na,na,na,na,na,na,na,1.05644413440741,2.05,Tamaulipas,0,0,0,0,0,0,0,0,0,0,0,1,0,0,0,0,0,0,0,0,0,0,0,0,0,0,0,0,0,0,0,0
28PBH0193C,COL.JOSE DE ESCANDON LA SALLE,privado,1,na,na,na,na,na,na,na,na,0.220480747869565,0.682617961,Tamaulipas,0,0,0,0,0,0,0,0,0,0,0,1,0,0,0,0,0,0,0,0,0,0,0,0,0,0,0,0,0,0,0,0
28PBH0204S,I. DE EST. SUP. DE TAMAULIPAS,privado,1,na,na,na,na,na,na,na,na,0.572018332071154,1.46276401094872,Tamaulipas,0,0,0,0,0,0,0,0,0,0,0,1,0,0,0,0,0,0,0,0,0,0,0,0,0,0,0,0,0,0,0,0
28PBH3720Z,I. CULTURAL TAMPICO,privado,1,na,na,na,na,na,na,na,na,8.05856446718705,2.16800030165468,Tamaulipas,0,0,0,0,0,0,0,0,0,0,0,1,0,0,0,0,0,0,0,0,0,0,0,0,0,0,0,0,0,0,0,0
29PBH0011C,I. JOSE MARIA MORELOS,privado,1,na,na,na,na,na,na,na,na,0.0698451132857143,1.41476463,Tlaxcala,0,0,0,0,0,0,0,0,0,0,0,0,0,0,0,0,0,0,0,0,0,0,0,0,1,0,0,0,0,0,0,0
29PBH0014Z,I. FRAY PEDRO DE GANTE,privado,1,-0.14000000000000000,-4.16587316981614E-02,-1.19164912701347E-02,1.19253213311436E-03,-0.103340478486022,-0.14230231607445500,0.74493743174747800,0.75857221413362600,0.129263303759596,1.03589947596939,Tlaxcala,0,0,0,0,0,0,0,0,0,0,0,0,0,0,0,0,0,0,0,0,0,0,0,0,1,0,0,0,0,0,0,0
29PBH3664W,P. IBERO TLAXCALA,privado,1,na,na,na,na,na,na,na,na,1.06485829740741,2.11366048037037,Tlaxcala,0,0,0,0,0,0,0,0,0,0,0,0,0,0,0,0,0,0,0,0,0,0,0,0,1,0,0,0,0,0,0,0
30EBH0096J,CONSTITUCION DE 1917,publico,0,na,na,na,na,na,na,na,na,0.494723341855897,1.61988790626154,Veracruz,0,1,0,0,0,0,0,0,0,0,0,0,0,0,0,0,0,0,0,0,0,0,0,0,0,0,0,0,0,0,0,0
30PBH0042L,CRISTOBAL COLON (VER),privado,1,na,na,na,na,na,na,na,na,0.273079609465145,1.01360288005436,Veracruz,0,1,0,0,0,0,0,0,0,0,0,0,0,0,0,0,0,0,0,0,0,0,0,0,0,0,0,0,0,0,0,0
30PBH0080O,I. AMERICA,privado,1,na,na,na,na,na,na,na,na,0.569700142258823,1.26262518458824,Veracruz,0,1,0,0,0,0,0,0,0,0,0,0,0,0,0,0,0,0,0,0,0,0,0,0,0,0,0,0,0,0,0,0
30PBH0169R,C. VILLA RICA,privado,1,na,na,na,na,na,na,na,na,0.850033147685714,1.94194098647486,Veracruz,0,1,0,0,0,0,0,0,0,0,0,0,0,0,0,0,0,0,0,0,0,0,0,0,0,0,0,0,0,0,0,0
30PBH0310Q,I. CIENTIFICO MOTOLINIA,privado,1,na,na,na,na,na,na,na,na,1.05810882965714,1.24596325855571,Veracruz,0,1,0,0,0,0,0,0,0,0,0,0,0,0,0,0,0,0,0,0,0,0,0,0,0,0,0,0,0,0,0,0
30PBH0413M,C. LAS HAYAS,privado,1,na,na,na,na,na,na,na,na,1.26299345492982,2.37540040698246,Veracruz,0,1,0,0,0,0,0,0,0,0,0,0,0,0,0,0,0,0,0,0,0,0,0,0,0,0,0,0,0,0,0,0
30PBH0461W,CTRO. EDUCATIVO FORTIN S.C.,privado,1,na,na,na,na,na,na,na,na,0.128595280055556,1.23147822222222,Veracruz,0,1,0,0,0,0,0,0,0,0,0,0,0,0,0,0,0,0,0,0,0,0,0,0,0,0,0,0,0,0,0,0
30PBH0467Q,B. CARLOS DICKENS,privado,1,na,na,na,na,na,na,na,na,0.7864887583125,1.576915,Veracruz,0,1,0,0,0,0,0,0,0,0,0,0,0,0,0,0,0,0,0,0,0,0,0,0,0,0,0,0,0,0,0,0
30PBH0505C,I. EDUCATIVO PANAMERICANO,privado,1,na,na,na,na,na,na,na,na,0.2426454065075,1.35667348479161,Veracruz,0,1,0,0,0,0,0,0,0,0,0,0,0,0,0,0,0,0,0,0,0,0,0,0,0,0,0,0,0,0,0,0
30PBH0587C,INSTITUTO ROUGIER A.C.,privado,1,na,na,na,na,na,na,na,na,0.105193772898824,0.857419343178571,Veracruz,0,1,0,0,0,0,0,0,0,0,0,0,0,0,0,0,0,0,0,0,0,0,0,0,0,0,0,0,0,0,0,0
30PBH0594M,BACHILLERES UGM POZA RICA,privado,1,na,na,na,na,na,na,na,na,-0.519561240240506,0.2209,Veracruz,0,1,0,0,0,0,0,0,0,0,0,0,0,0,0,0,0,0,0,0,0,0,0,0,0,0,0,0,0,0,0,0
30PBH0614J,INSTITUTO ANGLO DE CORDOBA,privado,1,na,na,na,na,na,na,na,na,1.155160241875,2.035728306875,Veracruz,0,1,0,0,0,0,0,0,0,0,0,0,0,0,0,0,0,0,0,0,0,0,0,0,0,0,0,0,0,0,0,0
30PBH3373QW,C. PEARSON,privado,1,na,na,na,na,na,na,na,na,0.142463147941176,1.80887427117647,Veracruz,0,1,0,0,0,0,0,0,0,0,0,0,0,0,0,0,0,0,0,0,0,0,0,0,0,0,0,0,0,0,0,0
30PBH3589V,TEC MILENIO C.VERACRUZ,privado,1,na,na,na,na,na,na,na,na,0.521329058571429,1.72010018857971,Veracruz,0,1,0,0,0,0,0,0,0,0,0,0,0,0,0,0,0,0,0,0,0,0,0,0,0,0,0,0,0,0,0,0
30PCT0044D,B. TEC. JOHN J. SPARK,privado,1,na,na,na,na,na,na,na,na,0.5412938075,1.9385,Veracruz,0,1,0,0,0,0,0,0,0,0,0,0,0,0,0,0,0,0,0,0,0,0,0,0,0,0,0,0,0,0,0,0
NA,GRAL. EMILIANO ZAPATA,publico,0,na,na,na,na,na,na,na,na,0.699469117442623,0.950703780872131,Ciudad de México,0,0,0,0,0,0,0,0,0,1,0,0,0,0,0,0,0,0,0,0,0,0,0,0,0,0,0,0,0,0,0,0